PC1,PC2,PC3,Outcome
-2.142898741717974,0.15566139848054333,-0.5896983297746695,0
-1.036892826489128,-1.19704307918202,0.28921386253274195,0
0.8286354811378392,0.4834515220145759,0.4321223348893402,1
1.3353231042499132,0.807636540604602,0.9793258058448949,1
-2.033789187969173,1.6414058125368698,-0.1268300731215502,0
-2.9505510378364574,0.21340821413213296,0.7214230411060619,0
1.9198724598132413,1.8868734026995098,0.4158563856336395,1
-0.25185274512341127,-0.8518429540839711,0.347241572899868,0
-0.5337980304154908,-1.0502630277649752,-0.10989361978277312,0
-1.0657493958660051,0.03664913457265109,-1.1727899607615908,0
0.2850847237749724,-1.1582996388255675,1.9267728106178061,0
-1.8105932524540589,0.15581326327872044,0.8130311847585684,0
-0.3751527294528885,-0.9304641803877357,0.2397478306468074,0
1.6488537340816727,1.5190720967787208,-0.7562245972187165,1
1.737997206154775,0.7742220760499222,0.6506535289291844,1
0.21860780964822837,-1.8642851305178454,1.5963853370858627,0
2.049542931551786,0.7865615985808548,-0.8008371966771981,1
-1.6301769013201717,-0.5808855972236497,0.29104751606299445,0
-0.6406614799178185,-1.877676137098402,-0.7260189387865794,0
0.45018711426458774,-0.7958364651404678,1.4723577310667493,0
0.6674218218263818,2.4129404503300376,-0.5467334636570363,1
-0.2252013209816239,-1.257558052229785,1.0838831908589623,0
0.7941456370967698,1.6606591621142144,-0.019587744440162865,0
0.42576437310023735,1.1009290691363243,-2.2485047027372964,0
-2.1299905931037895,0.3051363963517764,-0.4071006965461969,0
-0.6664533448594864,0.29764941078920465,-0.7734369889824794,0
0.6850138642191946,0.32058737677765076,-0.45592293855170124,0
2.874721715853276,1.8469808773695464,-0.6746664755702785,1
1.2001007080340083,0.43401581438122727,-0.9037519386855254,1
3.430636016556664,1.2022689366669423,0.10056765474237332,1
0.8020024119018465,-2.1262584025802864,-0.7400468041138206,0
2.273550166563755,1.9163381203191732,1.3679090650161037,1
0.5861445586062889,0.8006008547316407,-0.8944172098459854,0
2.929892082465374,-0.4682183845375271,1.3051164461410991,1
-1.5367337961847893,0.7749836460848646,0.37070043690722065,0
1.3645867519544168,0.7503350533731936,0.5977637462627701,1
-1.2923925773680447,0.2739369502725614,-1.03098049589329,0
-2.4642005300785534,0.021994359867398592,0.9584535007718731,0
-0.005531035971904437,0.6043239275254334,-1.0165787861145374,0
-1.9854983699946287,-0.36233294535080135,-0.6534949088731149,0
1.361669419751781,1.7830465239692304,-0.7410223183063894,1
-1.9886080557651307,-0.38858828571772813,-0.9778770802291031,0
-1.9822775438039453,-0.634916700251158,1.7572748450955944,0
1.90175421142585,1.3353912151416854,0.6713704107209916,1
-0.9817180023878768,0.6430803833323424,0.5784638679158,0
-0.3939779640138257,0.4841472007418603,0.022928492651044647,1
-1.9349193113044327,-0.32473640550511995,0.4741874232319603,0
1.2848691131904495,-2.2330051412244476,1.287344924881677,1
-2.2958081603161924,0.6809835123075388,1.1576390816980333,0
1.4496955230975364,1.8338259975030706,-0.10958088547575591,0
-0.5128888926724438,-1.4358293544087093,-0.7784245171841668,0
0.356573953746543,0.17487475732228136,-1.0483143916664965,0
-0.32731504672760914,2.354747623073535,0.40618433650429525,0
1.1650350464407593,1.937018129476793,-0.12605631101934434,1
0.7790831614277601,-0.10243290598000317,-0.5119106882546419,1
2.2687519608295394,-0.10227985106197068,-0.9703838904356534,1
-1.5424651509678928,-0.4992520158164691,1.6280340969255882,0
0.13921434419484302,0.03726453189774527,0.6498935605344093,1
-2.567299484135035,0.15050712218303872,-0.5349458529507773,0
-0.09135204200385055,0.7488181726884251,-1.3516753988080707,0
1.2814180137941529,1.0656015728208696,-0.011349498617020358,1
0.06763773132133483,1.5337911941915814,-0.8409779762033216,0
-0.3068298726942154,-0.5749027015715382,-0.8071046876504078,0
-0.3205253562241938,-0.76520947698069,-0.38962729284003345,0
0.7742017619908995,-1.1252761016884496,-1.6679276493889124,0
0.0402808719001686,2.313276347598115,1.8015014939599299,0
1.4457293631136494,-0.7622883680497684,1.4877207145096458,1
1.2384888557897358,0.37582730162544653,-1.4099833923800014,1
0.9897690422204141,1.6254698049497194,1.1812933587883434,1
-0.9469806722287168,0.0702361096655301,-0.01291736541620886,0
1.1336559725262692,2.800339658463366,0.08555563249913241,1
-1.4573499503801541,-0.9123206740129944,-0.7140147960750962,0
0.7483810396222369,-1.0722931549950885,-0.4780899029423603,1
-0.918130340143832,-0.726906142342532,0.30807873830436766,0
0.5780944158318073,1.0756457093106357,1.2063318023714211,1
-0.31331136991287056,0.07053438796241321,1.3645520475624529,0
0.8723697485865174,1.722275622044704,1.3791770743950493,1
-1.658780706546944,0.8179089360836364,-0.9198309228586042,0
-1.7694047925217025,-0.034434996980646074,0.44528458555739586,0
2.735170529583739,1.5891449678085077,-0.5363935533941594,1
-2.830796841148317,0.553373964093511,-0.06784963547788407,0
-0.2227640878172467,1.0369304150504075,1.3811819544036732,0
-0.6549336175618935,-1.1949547587670768,1.4582468673522044,0
-0.2937648862161233,-0.3863385418167997,-0.2325231031114914,1
1.1989252241276511,0.8878770125045736,2.091422850518443,1
3.37128343957074,-1.2746105807322834,-1.8716889242218637,1
-1.551380060744675,0.019816655343109644,-0.26189338297206793,0
-0.15040869314494598,-1.150016867620137,0.03795973391756387,0
-1.0323350523616222,-0.6708345932637227,1.8464553426927015,0
-2.1664375963728277,-0.3434430019247337,-1.069975141344319,0
-2.6295716763343426,0.47067427458819916,0.3735980951082667,0
-0.29812211701507607,1.0993696465431884,2.0141523251126694,1
-0.9913962266354049,-0.38134481634875145,-0.38427898567214686,0
1.9581793015235434,-0.19323561270018913,2.327121382421806,1
1.477225175581794,-2.2656606705192024,-0.5433766287113214,1
0.7808385717351484,-2.018162485642918,2.5083815598923977,1
-0.14086671495969516,0.3173479401756681,0.8670951222529478,0
-0.15951645162660327,-2.4775034348619167,-0.9810351308738148,0
-0.29720449519621955,0.8707647057870824,-0.7521081253273394,0
-2.7607855328551647,0.7643709292539752,1.2243799882675568,0
-0.6670678762548706,2.4849934381018963,2.5219220506568436,0
0.1541793385704608,-0.544532633399529,-0.7043703362627882,0
-1.324361510963823,-0.4672403955025569,-0.5684429273036398,0
2.4423361693135974,-2.216537503310349,1.758892464234442,1
-2.8939743548495147,0.12451450201831046,-0.624437004708124,0
1.5439931186888314,1.81327775034429,-0.28057609719795296,1
-0.6862185761340088,-0.010903745382436904,-0.24681644345738488,0
2.1294777766186,-1.5909737994417505,-0.6621378869246033,1
2.3443086654253196,1.369587723893381,1.4914704831436068,1
-0.333700019650906,-0.5879651723373293,-1.1035302753506382,0
-1.2008251313767389,-0.7755596755055839,-0.7192503844418717,0
-0.07589944804996422,-0.2842429196414665,-1.8028379666361252,0
-0.982260367805979,0.21688287940907688,-0.4855067286142954,0
-1.5269210008997762,-0.4035265059881753,-1.333996290334819,0
2.218296299628741,1.3129697060980856,-0.9496913557111618,1
-2.1931980786171095,0.27880653404612704,0.6007299827794751,0
-1.143540623331399,0.2831138908873718,-0.5081860711623746,0
0.2808655568582063,-1.6464694503303237,1.2279915784901418,1
0.3297964907872955,0.7772355339392144,0.21219504434042777,1
0.5098799024210156,-0.5493564189552879,1.3459055774891122,1
-0.4172646062362983,-1.725337465094227,-0.09863393908357476,1
-2.4192457351910845,0.26381638396009727,-0.39548435904672224,0
0.4332334117754577,-1.6707537629962137,1.4842424176809759,0
-1.8707169493767584,0.43471709843202505,-0.3867964313729613,0
-1.6402552327338038,-1.3031522150410235,0.2510702355679281,0
-1.3446023400697649,-0.29364361469723216,1.7853566364139308,0
-1.4603752882561745,-0.4139877037826081,-1.0514095753795587,0
-0.1886795091243093,-0.8578317849979734,1.2031129053724587,0
-1.7314882888416565,0.11041820269554511,0.6419349265635708,0
-1.2594371640089395,1.7270055360652508,-1.3750553358092508,0
1.7519658786818604,0.28176162557174206,2.063421786115886,1
2.210366575221234,1.0485056190043818,1.1521956394925572,1
-0.7731308023254144,-0.3326924239751541,1.2504211814401658,0
1.0091900602837651,0.8610020161450405,-1.023723092046558,0
-1.1975645796622876,0.36685337282950586,-0.45586510140700326,0
1.6944182897297162,2.664157779696314,-0.41233113276329025,1
0.7513413426690657,-1.6875142218456909,-2.149893459258448,0
-0.5210570812172407,-0.9977602589019963,-0.2801421426218862,1
0.6467249255289,0.7596293006741702,-0.39583546266409675,1
-0.534165749082672,-1.559540554668115,-1.2095217789056067,0
2.235387078970571,1.4932068393696407,1.529273972422302,1
1.5955599185168476,0.5175581978811398,1.0553800084277414,1
0.31942848167779114,-0.22606724277988477,-0.7087359998659084,0
2.4403916260156846,-0.5028196501060602,-1.3464520419068207,1
1.7490611503855995,1.5811137529739385,0.7247596539036139,1
-2.8096174162416805,0.31888908354196227,-0.238466337290522,0
-0.5739567167484897,-0.5643504487279976,-0.17124204976732307,0
-0.13323228035830087,-0.16024903680597988,-1.392611857012862,0
-2.886210522486107,0.9109662429315027,-0.6740297050656748,0
-1.5377475603963469,-0.3893606774738385,0.34965010187895607,0
-1.705367471955889,0.8592167079558136,2.272440866332802,0
-0.7966233931792143,-0.752632896011163,-0.3619878769471285,0
-0.08993621761374802,0.46946166225150837,0.8984490320209013,0
2.202342900255217,0.9308238122661406,1.983451553593253,1
0.5719828171367369,1.2087215438650345,-1.3292361490292413,0
0.9023019883332909,-0.6828146518468267,-1.0293062727425388,1
-0.6888373600959752,-1.5300048163812678,0.2914304831992406,0
-0.8805921576871991,-0.7539142914434639,-1.129529102840672,0
-0.5805256341932296,-0.6465463767338648,-0.8264546114858385,0
0.0657168293520226,0.5432342278889074,0.14087319133111997,0
-0.8036053092003815,-0.24335387571046332,-0.7481723347953245,0
-1.8611643842030747,-0.590389177903746,-0.0546392900211398,0
1.4532634254144845,-0.26608503849593335,-0.8946649861529167,1
-0.6418422524038143,-1.865878323673731,-0.8565193281078496,0
-0.00724415049505678,-0.4810758458306599,-0.1989696908290036,0
1.129427256265983,3.9097452956045062,0.0025833950122326624,1
-2.4134516152093233,-0.12056109431652993,1.8520772258292284,0
-0.3459135879631651,-0.3799510550497514,0.6436609027003296,0
-0.6712802765699312,-1.189871730355841,-0.3094694346848525,0
-2.078491798361074,-0.22666286107692254,-1.0736456649594481,0
-0.43143901157645365,2.320521452753519,0.12274426417067752,1
0.5133718651279942,-2.0016329482690214,-0.42813987782564017,0
-1.5166952709228283,2.172861683552136,-0.8223958807305102,0
0.5858498062164842,-0.2775213205151683,0.012454630035015856,1
-1.3460373532572072,-0.43189159976250047,0.36404881352800744,0
-0.5050505216540409,-0.41525988957270626,1.2662192188752563,0
1.4108028364817313,-0.48060249564579777,0.43069537203137276,1
1.1532814496782389,-1.8003124628364608,-0.915043159329303,1
-0.11883465848412102,1.1950017434897122,1.8577411645148454,0
-1.5232487821101288,-0.2760020943783269,-0.906843144952175,0
-1.4808455589224425,-0.8037775839297572,1.5774726628642535,0
-0.12199595976815228,-0.8446141384401418,0.12186888946555983,0
-0.45463908260966057,0.30059675551657544,0.07886881751970598,1
-2.4371688058759906,0.5244267710026815,-0.6969174136687658,0
-0.6173465395704332,1.5156337079132487,1.0016153054893198,0
0.3451343149573396,-2.3204053551633463,0.22145978528966115,1
1.6145072751996803,-0.6743031604069051,0.9767091638505476,1
-1.5011719475563512,0.17710505709237934,-0.4321147954419088,0
-0.726476759269407,-0.32997221187962883,-0.0958000764940175,0
-1.540269081639184,-0.017581821692850413,0.29353955871236,0
0.2660623595934979,-1.8170965282675677,-1.2271748199997774,0
1.2300448237214134,2.782491106997318,-0.1514616102007027,1
3.1331245042316422,-0.010660913892900397,0.2639937317505964,1
0.12538541028085576,0.3909080227698778,-0.7675508437485212,0
-0.11407536315967536,-2.192411190838491,0.20164342687135936,0
0.6307321148386765,-0.769953221326832,0.0934582258069103,1
-1.660162640294794,-0.21969335095341516,-1.1185788758642405,0
-0.03453479502252836,0.8493258355000748,-0.7873267252456752,0
0.01668762914733841,0.3541518250838656,-0.07494144277011645,0
1.971638305833327,1.8846055977737106,-0.11260029306852976,1
0.8322428928442108,-0.936672604612728,-1.1519767365655318,1
0.4804904377706339,1.3899915459866536,-0.6644071632797,0
2.2043773057619043,2.6870157955621137,1.6513094380230777,1
1.8788589956582988,0.2848727962793496,-0.38953512366292575,1
1.5404325504312706,-1.6604308498247171,2.267848948992724,1
0.45929789323841214,-0.5010083938873426,-1.932650231890537,0
-1.2067612794652984,0.4133124699414082,-0.20377087099372534,0
0.8207897546023726,-2.769332772834031,0.21541372219800978,0
0.4561113361538835,0.8234450646766159,0.39665052535574724,1
1.9938012716519231,-1.7603627417827536,-0.062343748557908925,1
-0.800147807143699,-1.7001915248051622,0.040776581725445196,0
3.6923174544786885,1.124918645595454,1.4934631774723819,1
2.2995169821801262,-3.3695448473668064,0.7951432022351874,1
-2.877702449870783,0.7521371491376239,-0.21973099560823342,0
-0.5385787319817926,-1.7696749183500513,0.546200481545217,0
1.93081171037436,1.3336761599516278,1.1082306363778502,1
-1.018098318782599,0.8796965729880689,-1.0461836018397168,0
-1.7244914300183545,-1.1155037354473232,2.489152010125294,0
-1.3022430832323308,0.2832620701807877,-0.9497910413861193,0
-0.4769875993435658,0.5611966210201811,0.3730196176419931,0
0.5594643223554748,1.518764745219208,-0.5547158673173681,1
-0.24617917404490877,-2.138785824877789,-1.6192381535774378,0
0.2729558608548941,0.9057110673420723,-0.6379773969032086,1
-0.916971625901673,-1.2666572246580947,0.4055673222609029,0
1.820934861603989,2.0979309455142663,-0.6349856575353674,1
2.01024645350304,-0.21231666584225783,0.2302614659215951,1
-1.1794858126204906,0.991110430839013,-0.2763062524233251,0
0.9417872851950911,-1.2883744205311953,1.902886244243072,0
2.277219571658354,1.666089083625885,-1.5298430856525613,1
0.14365179821778587,-1.1342884566908789,-0.04606762299854867,0
-1.5723423716770069,0.9180658304020539,-0.3130210719300426,0
0.0866872766831704,0.2433069304030566,0.35353344652171514,0
-1.5655351780385944,0.08279682858371668,-0.3477994345244623,0
-0.01699022190667438,-0.30469323175479723,0.10449436488901638,1
-1.7521106394283523,-0.04997807290729246,-1.3570417433129927,0
2.626614944205619,-0.2141498589035167,0.4732318187397246,1
-2.030344401666108,0.5583078048760547,-1.0019146469755909,0
-2.266116488022829,0.18358474544511838,1.5107368868745077,0
1.3146348552321852,2.5280395797831834,0.46030526419182094,1
-3.297195593851083,0.9341154656639337,-0.4140751406495098,0
-1.751207496821954,-0.025903961532640258,0.6550408097875978,0
-0.7712328630759298,0.7278307090522765,0.4264851408333546,0
-0.3182891683400383,0.9074871896336149,0.728516861031135,1
1.3049547730487565,0.18345508996740584,-0.5602684468947589,1
-0.1274630412469447,0.5172526681158074,-1.3766368389113233,0
-0.8462921673526552,-0.7586737548347309,1.550149542178327,0
0.632608507323533,-1.4347620440809004,-1.0865367509406263,1
0.3620428969423046,-5.815876893975995e-05,0.36400870609795616,1
-0.1965193041779082,0.8892882783589949,-0.2744399543938535,0
-0.6945839393269482,-1.558482341854858,0.3479356803045539,0
0.7643203390056391,-0.2935491191185894,1.354476195624883,1
1.7897798627206785,0.38352545784806646,-0.513690398756039,1
-0.41854263756050514,-0.9493658350749306,-1.4669490324367358,0
1.4674780797432412,-0.09405577490037582,0.9127090949359397,1
0.3032173692679996,-0.7704032132860491,1.2743085254928006,0
1.6926981860013317,-0.18896971699943596,1.261226873046822,1
-1.2212479654913722,-0.8901119392680514,-0.054868954105767136,0
0.11929263752191743,1.8002813893857392,-1.3436249337042223,0
0.7052684555925682,-0.4493449524616045,-1.3659579943763762,0
2.273848833130155,-1.7481109393534995,-1.2423562329102176,1
2.658233110821855,-3.32423540266292,-0.2387144199491327,1
0.7205338685284516,-1.5274101253058516,0.4929368478442959,0
1.6524838548951513,-0.8973862027479095,0.6818742319992882,1
-0.5632563351685451,-0.2739623252228468,-1.0749691113987823,0
-1.7505520714058778,0.21108392469639886,-0.15383653663739952,0
-0.8867129198065757,2.0548314552819886,0.8620279947435006,1
-0.044721234122159205,0.5558570711013409,1.2194567108222556,0
-0.3305579957963137,-1.9307752923717498,0.38373922781776926,1
0.7703310600961655,2.14642420135669,-0.01939730537042385,1
1.2529182973797384,-0.7340011449958947,0.8743076268579523,0
0.5555229958744742,1.2481426512226625,-0.3277643242220443,1
-1.304073013734758,-1.211745005117246,-0.8933230662865097,0
-0.9401949550098225,1.0596368196892663,-0.6632165555914761,0
-0.5224972610032823,-0.4398484774258378,-0.12379525494696678,0
-0.6437455882655584,-1.501198449282075,-0.6636569408495855,0
0.8682460350170699,-0.01946639498470461,-1.0209118058874356,1
0.11550940901733697,-0.7263033278846791,-0.8351434243380973,0
-1.704363210389326,-0.1816159585451028,0.2257142418036085,0
-2.3120188722982724,0.17987667313447447,-0.4641044042579035,0
2.768268563851992,1.7044966478522516,-0.8891603685996099,1
1.9549123857595163,-0.4559502794171421,-0.36111019819522355,1
-2.554542652254175,1.047687782724785,0.179788358627635,0
-0.011342778281238005,-0.47809632606146524,-0.14914321430338703,0
0.4119657950929407,1.5022942464949458,-0.4214868177584169,1
-1.9231280547550398,0.3302450470510316,1.3214487188965054,0
-0.6915813685977148,-0.5324866751900353,-0.8387858594934173,0
-0.12375678232975777,-2.5129823121310255,0.4497458708881332,0
1.8500552454596912,-0.04854168428711346,0.45143820635960796,1
0.2889842454547726,-1.7135716883343455,-1.9175482303787652,1
-2.5367463419744065,0.5719767932233221,-0.6417536880077674,0
-2.650254101947945,0.22455488219429473,-0.31702512534084365,0
-0.7607514324603496,-0.6131070116155442,2.1071564230138726,0
0.4704158271452102,-1.1741573642031893,-0.1803971301167942,1
-0.7071205458547889,-0.8550883906186538,-0.6587503143372733,0
1.4011464235487345,-2.119401405380525,-1.5647133030097176,1
0.46296715374221303,1.728106280834936,1.6727669233580693,1
2.214634179849331,-1.6072047244712377,0.13893517110034306,1
3.0475982943658586,0.7945312881670105,-0.25389496670982237,1
-0.26506323386993674,1.115159626916344,0.3369732138707003,0
-0.6155861478189771,-0.3526651438106126,-0.2981973622968764,0
-0.6324075631743487,2.1693660657261185,-0.32939433203510343,1
0.9969333114009024,-1.5018401139312216,-0.040425792574227445,1
-0.8251155500662694,-0.1515285698499227,2.2428712240615067,0
0.606574822547922,2.0561423813718203,-0.6836561022469306,1
-1.9280784269458204,0.01867645771584101,0.0305245327127059,0
-2.3877679157272462,0.46255734826643263,0.5147881969650336,0
2.145413357126763,0.3419565153101408,1.389546619384694,1
-1.8588568576867655,-0.32686851942172684,-0.8236273124022455,0
-2.31212289264191,1.039571789041872,-0.34389454682195225,0
-0.5650153560583734,0.21517263586353697,-0.5986102426664548,1
-0.5514926667397065,-0.8738747685138012,-0.35004146707539074,0
-0.5239741645683116,0.41784945997480627,0.1936656734743962,1
0.6895772699769241,-2.086849634060282,-1.0724183192673546,0
0.09336480598449153,0.9071458435623662,-1.2234133348902738,0
-0.5294000105688969,-0.8005543766517758,-1.1410807465346313,0
-0.49789191806272376,-1.627126217155448,-1.2398926545658262,1
2.4976190923005035,-0.943944635700991,0.9742619382970519,1
-0.30159740202522717,2.416949482805912,-0.22369980564910866,1
2.289331339267307,-2.33129561758472,-1.0474605404766184,1
0.5623353288807527,1.0270270358542803,0.7658971869174603,1
2.77741590814099,-0.27398522385519,2.978571204897986,1
1.4815965620730782,0.25577289942810544,-0.8849501873185285,1
1.4646012398415627,1.0248514677619696,-0.10522997310040878,1
2.848979289308424,1.0097572155249164,-1.2094570744285584,1
-1.612616040072963,-0.7626082400885893,0.15589460068559408,0
0.2833188537441774,-2.6408868047031997,-0.24930523170432053,0
-1.2214177209420085,-0.6168426599610723,0.08803526633811444,0
2.428483820593174,-2.6169661478665813,-1.5834118198086427,1
-0.18767818154727975,1.0395712188134922,-1.482114031008105,0
-1.0892580783200208,-1.2754592137629401,0.17254079418930723,0
-1.9639096998911736,0.2195106616373988,-0.7681995327713942,0
-2.481303103698564,-0.1439728113438224,-0.5660512709936241,0
-0.8519704098062254,-0.253560390629475,0.28770442475446106,0
-2.973846963337512,-0.566034214869401,0.9539645376552693,0
-0.8513913578923129,1.5195888875292205,0.5197322044624518,0
2.786435426628638,1.1691035077052545,1.459882585734142,1
-1.441335191869273,1.372115699298982,0.6414551415276535,0
-1.2828671969979604,0.6051564027222508,-0.7765258683455292,0
-2.6595725231360396,0.00040342886549957213,1.422133879076789,0
0.33336738246464703,1.0099482516601404,-1.2977028853475858,0
2.101440264059712,-0.5126763631237,0.657167457427756,1
-1.1985964622387582,0.9584362729515344,0.7349161732079244,0
1.006226046206242,-1.7469753233981442,0.8802769049837588,1
0.8430454904113862,1.1871968231637977,0.7378863264244242,1
0.9220272666797408,0.14159233319350992,-0.08085691193344312,1
0.3618383639892094,0.8570797469505123,-0.29939157557478097,1
0.6799796106607373,2.038476763797901,-0.2160920188236164,1
-1.8288603152738407,0.5524216560853905,0.18418577442093356,0
1.2764263965058413,1.3408226198133955,-1.0725270978353718,1
1.275116085244349,1.0404599217053205,0.07951345830351192,1
0.03840971607634608,-1.9408309628391782,1.4437365608414192,0
-0.08800831663729788,0.008764179686355986,-0.82863448566313,0
-0.9703957785614079,1.3527528165605065,1.4269302450750443,0
-0.3538591254131697,-1.9036760695560566,2.250334665028568,0
1.8482380009291934,-1.9934876062596159,0.25491358796916175,1
0.3714386503252531,2.960287565195733,1.3768728972440174,1
1.5044928198140344,1.1693075873336927,-0.12187606873224135,1
0.5794026920676955,-0.23159829996735004,-2.010590049572005,0
-0.2440862865282652,1.196250767332552,0.02274371182759148,0
0.859570534223772,-1.0106650698295694,1.892422334602407,1
-1.0844482440412209,1.7775762860960984,-0.9410123335322478,0
2.455726180714395,-3.5621378464388234,0.6852483834642256,1
-0.7368024479649354,-0.5459545496459728,-0.6284614966159419,0
-1.6891156883077998,-1.0788499738381436,-0.39892275460992643,0
-1.5716791751974775,2.1433746114153167,-0.8699472203096406,0
-1.6319400110487383,0.5181347026514236,-0.10138537598556988,0
-1.9424713807699097,0.6348695275849459,-0.6980023872211977,0
2.0593220216622266,-0.10122685592092609,1.471230767184224,1
0.2620163819160659,-0.09971800196451715,0.09011922808933877,1
-1.4239409818196893,1.6366117442601515,0.8245227194769829,0
1.2043410939450836,0.4716564226875692,-1.5074743936815473,1
1.2551746660448988,1.8721806184151022,-1.3833106469737706,0
1.567063319481745,-1.401162380159359,-0.5713640255756641,1
-1.937261265884753,-0.10205120028054668,-0.9909799276281988,0
-2.2587961067778437,0.48292428602129944,1.5924921923394095,0
-1.672356268470705,-0.7123301968554563,-0.27055645293881475,0
-0.5742903290705442,-1.8554217400167288,0.2921872956212694,0
-0.09746378262602744,-1.9796405376902353,0.6766689904593465,1
-0.43736479404701967,0.2624197493014427,-0.5876929531856738,0
-2.3420882415638222,0.09110236266719066,1.2128273493158948,0
1.0813193303908117,-0.1455235596132484,-1.5102957022060273,0
1.4056483911549214,-0.5678973305490477,-1.119009624334566,1
0.5676136122369531,-0.5135241574870117,-0.9659344231366956,0
-0.655404059003291,-0.7231714248051228,-0.3481398942847209,0
-0.7712286153830227,-0.1585860231032517,2.329710733595581,0
-0.8402238436573567,-0.06156331191464301,1.836838414085489,0
-1.4161366830309972,-0.5344221441678372,0.8776462348814729,0
1.6271153590523237,1.2631852124765401,-0.8258991449149209,1
-0.6114296090321831,0.6652478396026288,-1.0071173902342943,0
-0.6387024214722976,-0.7090521054392259,0.36928876603244004,0
2.947783138238011,0.7763689499858515,-1.2685157016554456,1
-1.3210435480102167,-0.18337074677807644,-0.2957250449017526,0
-0.46981064867750805,-1.134307634457369,0.23394714806484757,0
-0.735398328123981,1.1394384749946096,-0.5727410047688051,0
0.05704901539421671,-0.6466967462211877,-0.7622704899214121,0
1.2450700362098255,-0.738300962762175,0.20439873571652895,0
0.43896212669692564,0.344327266705836,0.06427140993849503,1
3.157855508298159,1.4190184349150259,-1.5796406181839844,1
1.9734931660348656,1.4665969911531702,0.24596370644616236,1
1.5486025159225143,1.775865435382434,-0.6866977930558257,1
-0.56921800797501,-1.0593717001212468,-1.312212199855583,0
-0.28196924979956767,-1.511827016582342,-0.30621199458614784,0
0.21371417429801381,1.490236572582318,-0.7663073167820919,1
-1.5670008930290404,-0.657918730660318,0.08271965042614936,0
-0.25096579005151326,-0.43676352410007685,-0.40602587200824874,1
-0.011022453558564863,-2.022209956879026,3.2495123134613224,1
-0.8494937129087988,0.452869825411208,-1.2694000831896497,0
-0.7974062038164147,0.7191925004068591,1.0984994541930901,1
0.047362791801592044,1.958298163656255,-1.0287210105903568,0
-1.819321203407929,-0.5310916855368591,-0.5083950260992287,0
-1.3231773491538565,0.8814534138403439,0.5375417296770533,0
-0.17722306780514885,-0.16592463312034728,0.15648068746292176,0
1.6955991645375572,0.21995322988431654,-0.9193636711647418,1
-1.9991066145492484,0.8775820206575811,0.30255662285697454,0
-1.047412843560018,-0.7078502195214057,-1.7882707982136712,0
-1.1749787623589556,0.12590556417040824,-0.9651032541924431,0
-0.4910776386756859,0.754849049569394,0.008449043529891453,0
-1.3699746726641298,-0.7221571132918145,0.7126567739941795,0
-0.14489135010079504,-2.656918628474696,0.13244171089182546,0
2.6222107041265037,-0.026909617947689108,1.0756667068073478,1
1.6193385961909574,2.5336114557026566,0.5671791574121814,1
3.211074311998846,-0.5151321090164742,1.0026012632465382,1
2.244775121661072,-1.0369636810167278,0.46414148790206405,1
-1.0396043173757623,-0.80324746307018,-1.3317476096080882,0
-1.4293354765023045,0.5886139248305924,-0.7015577457236836,0
1.228180343061843,2.5129810863444977,-0.5472371782964016,1
0.3879584406442789,2.3046998420657467,2.1787747207861834,1
-0.15032841505830144,-0.18894192681087474,-1.4938674210120888,0
-1.1748920496439725,0.24613774547201062,1.148285603434943,0
-0.896348645574058,-1.221900061002759,-0.7123857793876054,0
0.818630678385801,-2.8519318435099112,0.9685693283051113,0
1.5004921436400227,-2.002757494667094,1.0953852868188356,1
-3.427947385608449,0.05456640592483705,-0.29804522667950534,0
0.8873637589570358,2.4557994618227967,-0.4435416037824391,1
2.4491095762946817,-0.7143963779262665,0.4280159905201949,1
-2.4739553426658722,0.22262809191301933,0.6245727742099788,0
0.4805060570510932,0.37682614382240603,-0.8460798798163146,1
3.2309568014298633,-1.1865872746173611,-1.0780465355251139,1
-1.7632218033144154,0.06768556844752202,-0.8807065557642484,0
-0.02687729348917456,1.2303199443212556,-0.8891786759658115,0
-0.507799247395356,-1.3700835124568578,-1.5118125449145179,0
-1.3233946687748066,-0.8765106540771255,0.5226755951709267,0
-0.8330588488720398,1.4681208191616522,-0.19882813345576164,0
1.734189490705294,0.01352610754523142,1.9230014181933006,1
2.4651905028371135,-1.5174035530951644,-0.8756134239099597,1
-1.4844894002428275,0.19928436784521797,-1.1237777403055247,0
-0.7845868846102597,-1.3977931164734325,-0.766097568624449,0
1.5652011915454818,-2.026299517792413,-1.3655487984081267,1
1.4891989844782594,1.0601050210058816,-0.6035528205875238,1
0.8738932462320662,0.08218746308000767,-0.7898239724614111,1
-0.1916138882924805,-0.9153952030902031,1.9286547886709058,0
1.1597062030945189,1.1453267242495764,-0.6310107807375194,1
1.7385131949696009,-1.6903710460384715,0.11943258925385693,1
1.0067015173951022,-1.274908594087824,0.2875595919411666,1
1.9528050342748917,1.309972523491764,1.126913607884055,1
1.1475283315025924,-1.5566237121896729,-0.4084235935327756,1
1.4651246653573766,2.034307764682506,-0.3563433010583873,1
0.9202663594898324,-1.3034911633381505,-1.4674025597496874,0
-0.08691649641711195,-1.9132786788925025,-0.3974432699908468,0
-3.111472060041926,0.18786143590464796,0.7575650286503319,0
1.4127204847647699,0.4219113513656278,-0.4954378097945257,1
1.441870302930458,1.4537578653514396,0.49391501666103277,1
1.4549479278822146,-1.608213589263307,1.1216945970841132,0
0.7237417944007992,-0.008194435287087878,0.728655066165213,1
1.5953189865917619,-2.374970301031694,0.7614697838121988,1
-0.3312416128887945,-1.650292741314378,-0.8547424313261842,0
0.540034516594364,-0.289822682217944,-0.3574442295433266,0
1.046270969121244,1.6897444311910335,0.41773122306788196,1
2.435815726329689,0.7741081297350813,-1.8125835810515434,1
-1.484341396693417,0.833358676700792,1.182277963190673,0
1.4004020165384519,2.612048209863283,0.39475694761912744,1
1.0316545220337843,-2.2201175373433117,0.4103416844335369,1
1.6750255094755084,-0.5106177473467949,-1.7340252685626765,1
0.0722739503934511,-1.700466299942616,-0.4056724680698708,0
-1.9778633279539337,0.9286916860568531,0.42874632322794753,0
3.749883388387377,0.8514374088147688,1.1765939021335445,1
0.3982356433033789,0.18798472534289365,-0.6575433160930456,1
3.1642285730931476,-0.3576801472995973,1.1467457989156833,1
-0.028640757322083828,0.3351804388809907,0.28636126982905846,0
2.8970383983087125,-0.5178914602626699,-1.8077209212769998,1
1.187606620175047,-1.2164705993855844,-1.3563303981531192,0
0.44350297961481566,0.9222964460988174,1.4664301028289175,1
1.9345560741447587,0.9641885400921574,1.3687303831948894,1
-0.08032471204738402,-1.9640673136658164,1.4173843081457709,0
0.8901880154691256,-0.47963071583822436,1.7954771155527018,1
-1.3328263019870963,-1.1081508014823787,0.5874307559366917,0
0.49847246041818294,1.7169126364359688,-0.6973635481074572,1
1.2219379834612354,0.8394838101671649,1.4944624372051794,1
0.936908161465683,3.6901763468995568,-0.15024095102226498,1
2.557441659994085,0.3717013930810311,-1.686028848401136,1
2.184753054422784,-1.783071641639022,1.4561861882497673,1
-0.614628228175922,0.1666030438368177,-0.9605030941579229,0
2.191586654937535,0.5704989848842356,0.06378397093382113,1
-2.8528973418629127,0.6746616099981729,-0.03998691700259858,0
-1.3172048056577021,0.8176274005368941,-0.6414970982812592,0
-0.3056762839899689,-0.510069967530274,-0.6410263971577636,0
0.6210340266397444,0.6676468373932357,-0.5495303793158967,1
0.5362563141659396,-1.1691924237603124,-1.2881259138269066,1
0.4245436428021044,-1.9250112660122716,-0.2693235897995578,0
-0.9358665250280287,-0.42895080390689805,1.0246672515157218,0
-0.8792816379970966,0.5777821193471306,0.04342726171248125,0
-2.222626943502459,-0.0027598451538122506,-0.656166976319073,0
-2.157118269052341,-0.12176983392982525,0.31510897001493693,0
0.08817089631051722,0.8911544018433287,-0.4990650015378968,0
-0.017265808191382705,-0.0025896952701028554,1.6069367853323624,1
0.12916015296238254,-1.0213228958236769,-1.4831782864288237,0
-1.4402481550643158,1.2279089892344404,-0.43064460677795746,0
-0.5275806174081176,-0.11697525501809623,0.0832124795439517,0
2.0743959469988904,1.2746877650855375,1.308649632226642,1
-1.8986053617289897,0.4056779263073435,-1.09036342094479,0
1.2450532625391435,-0.8046702277858969,-0.5214553412940351,0
-1.976228581829456,-0.8624593368822389,0.48102410091744074,0
-1.6862951348473614,-0.5736053844940494,0.16424777166750462,0
-2.3344906108044197,0.7649714468408786,0.7036508636209216,0
2.6191100919646595,0.05663899995985118,-0.32234530643616377,1
1.946109871823266,-2.764606604379939,-0.9831149982028877,1
-3.579678863781734,0.6825587228567372,-0.1917004213787079,0
0.35054063592033474,-1.5043841761983474,-1.4918847122309993,0
-2.3372450017461976,-0.18576299533436288,-0.012340217654883866,0
0.7499520741060024,1.6527634538316964,-0.7524672316358403,1
0.9593763254308186,-0.823009652783494,-0.5557308310836068,1
-3.6038129012097597,0.34546202290498634,-0.042718677762693696,0
1.881471484197444,1.9348708142240414,-1.135801320057349,1
-2.9805626322226546,0.5568513256880618,0.3184478457567032,0
-1.157783526143415,-1.9097073737221184,-0.03939631760755281,0
-0.8919683528633984,1.618893350253698,-4.8131245430580295e-05,0
0.7676234837830951,0.9428183341001181,-0.524095298449269,1
1.6927757203540303,-2.5207127213034215,-1.0207804686116766,1
-2.9005249653985476,-0.02467914627155468,-0.9478732654320025,0
-0.3551381707606214,0.5750260077076347,-0.1192090778633174,0
-0.3690427200815069,0.8293135521121564,-0.9401026476821901,0
0.12908014832574688,1.4279650863668485,0.24677210456539272,1
-2.1277552182812043,-0.25106437835799084,-0.9174941393550553,0
-0.43971023428890466,-1.7338170455304536,0.3835424232920371,1
0.29231167394689994,0.250588732846025,-0.6447554496224756,0
0.7150181759337308,1.668663329881782,1.3984707332013755,1
-0.20850250423823918,2.9809479638043253,-0.6058080501761464,0
0.9507853521310337,-2.290511806267628,0.3698571956016518,0
2.033708483243264,0.14774153462769235,-0.28964690696984974,1
-0.37523570946954066,0.19917773086606408,-0.01481991959666868,1
-2.328758783782726,0.6570781026512976,1.358127251911933,0
1.1130373403434966,1.0948583815713269,0.5222663884822837,1
-2.3448972784329882,0.7229233962715963,-0.6546625898374042,0
0.4900639353529159,-1.0530357127265182,-1.350296189590398,0
-1.6563126721296937,1.6933890216914056,1.6411610765884586,0
-1.1200258599913877,0.3051269922608667,0.3121474697583132,1
-2.0340993892893264,-0.5372898622036599,2.0984514368247895,0
-1.0294400260013334,-1.2335612440016677,-1.2181806185471702,0
-0.640185338236229,0.2185592522193594,-0.9545137842983321,0
-0.8968153163519196,0.6504945955725446,-0.41549718563326393,0
-2.821033189364241,0.11816080513579083,1.0582157206065217,0
2.076325515933042,-2.0809790871679446,0.6596921632472421,1
-1.849780923646102,-0.5598942275162632,0.30020752385929694,0
-0.5504544932826094,-0.866916782277677,0.3211062118611079,0
0.23600609518504181,0.2912546384811787,2.099341718207138,0
1.0874864947280654,-2.297237611670983,0.4254565300103637,0
4.074433152357815,0.9840077663829212,-1.2878697150238636,1
-0.08297347850661894,1.0570625087397545,-0.24193443832083397,1
-1.278146295067633,-1.1979065613518223,1.846788149396158,0
1.3982511162941746,-1.958442999605714,0.3454996331691641,1
-0.833310428198865,-0.4369849188180426,0.7875367366684504,0
-0.030017729138830104,-0.553814916261854,-1.0088654356557516,0
0.01863147191716501,0.8188174118098491,-0.786029196673127,0
-0.2834836521252542,-0.9883286439218836,0.6355978731630014,0
1.4460317801701867,0.11409094560067778,-0.12317197428782531,1
1.639298875057154,-1.5618409746127435,2.195085548100317,1
-1.2589543291620169,-1.1379276605523345,1.4636590620747125,0
0.037937475295743095,2.317268794629764,0.18695325968126725,1
0.03493359982284247,1.823748254381599,-0.31908180951793197,0
0.5872027176856545,2.050609217185286,-0.8234616896574073,0
2.7195922708581395,0.35872093566769214,0.9441112165432441,1
1.6814889168567828,0.9590659343669548,-0.4736013137383072,1
-1.1993567406026684,-0.06025651334353663,-0.20368276496911109,0
-0.20104390820845094,-1.4590929103973285,-1.348088049175999,0
-1.1258942550705457,0.8872767140455592,-0.27975854240187437,0
-1.1363293616341061,-0.9503740232529208,-0.6322788274414246,0
-0.4550880105894621,0.738352837509792,1.5220181560216475,0
0.7380298083357292,-0.5839003062830181,-1.196802349509213,0
0.048398197808752264,-1.1200716364111305,-1.2001488935291043,0
0.9283287767684619,-0.4142438469544469,-1.599317863279943,0
-1.9537249921533268,0.19603000112266586,-0.39010539197233407,0
-2.2467464868175995,-0.08932284085872319,-0.44057864873129715,0
-1.10864521626603,-0.8962218491903551,1.920718852912228,0
1.9009396879989784,-2.380723242315865,0.3628338003426999,1
0.9124942413962381,0.8925621185114165,-0.997236781911553,1
1.1477827154755218,0.9064453558531008,0.01070716936566927,1
1.136435902988796,0.8399692959241908,-0.6280276079370835,1
1.9007577642545979,-0.9617803342580334,-0.40227882960716344,1
1.7277128390685836,-2.566088432310959,-0.41889272638683406,1
-1.2265155584418532,1.9213795145634427,-0.9330429597320755,0
-2.6414024930980733,0.33487816778936336,0.13656310268700314,0
0.15447888479948235,3.0424716176500706,-0.9911219013055449,0
-0.848805062328176,0.3795893626116277,0.7727296626977069,0
0.5434894481674957,-0.7882970598920132,-0.9832956135748587,1
0.5697543806058712,-2.306550531787449,-0.62423743207208,1
1.0890536187310802,0.3539813866102536,-0.7179031149789251,1
0.0375693746790714,2.6314353377976936,-0.5694208144437453,0
-0.82567151736589,-1.8432205433285906,-0.19010984616957166,0
1.5890460682281766,-1.0691897266014072,-0.057794518917542934,1
-1.6851578171405885,-0.3945029928427909,-0.17796111988137212,0
0.8604098719216386,-1.3472328294071758,-1.0961127224115736,1
1.9811553782656468,-2.229239897140964,-1.4310550899821868,1
-1.1716594386064618,-0.7092650361185384,0.39123683669500553,0
0.9204735926348832,-0.2842958949965102,2.4535349038087677,1
-0.32540154430184715,-0.6307437192691552,-0.8894937471547325,0
-0.22485571401113905,-0.8460820924146668,1.0480243751062426,0
-2.3994002892012927,1.2787779313317518,-0.5110152578060191,0
3.3979063099422278,0.37976688700799915,-1.4575084881436995,1
-0.2305242241501209,-0.9252904496149184,0.10996581670639312,0
-0.5604341097390332,-0.1984831328309889,0.1777433850740572,0
-0.09525082778691134,1.3902311236971103,-1.0452853253451724,0
1.0053940849652423,0.7118850944190052,-1.1948624228396487,1
-2.171910430046432,0.02156717071359996,-0.519435882220391,0
-0.4954449336508455,0.17317072344481838,-0.4253375443617295,0
0.3765572460110446,0.18327809148652097,-0.8300592991201697,1
2.464341947083591,0.5105696910023098,0.21480637823757112,1
2.2559533943960552,1.535931549247964,-1.0780369156310585,1
-1.989832612002125,0.7362423456890536,-0.6059428127788744,0
-2.680538628339642,-0.1804891071055458,-0.6108890789414122,0
-1.5861304903146283,-0.1393492583371614,-0.3427142176669655,0
-0.6229346311273712,-1.2387318441129904,-1.1186297747340679,0
1.8184810480531868,-2.598514369440188,0.9712286300676025,1
-0.4647598907456332,-0.24147302443761662,-1.314271142648703,0
1.6509877324915638,-2.4633795389699302,-0.8516059871319747,1
-3.184726873367325,0.8935160078148279,-0.2657165386865329,0
-2.271600329099716,0.8258737421695989,-0.181283041897424,0
-1.0471905849765097,0.33493388973211763,-0.37241031769469457,0
-1.513551469256266,-0.11128942060211235,-0.38420003191014085,0
1.4813930873304821,1.6203240952617164,-0.6636890725833707,1
1.1941140567845339,-0.5219719001035378,0.6105974647974193,0
-2.626862858259689,0.6138049386688993,-0.5570436031371033,0
-0.19770251807293962,0.5445412612767363,0.13292545508767875,1
-2.395164519772296,0.15572474659838775,0.09986407579811452,0
-0.5369096107289419,-0.789702745136671,0.4957163089714192,0
-1.8998357119196392,-0.23280671680600598,-0.03354188376276701,0
-0.3438309812166855,0.699405057907519,0.33818058721567046,0
1.642430474740643,-0.1676050948821838,0.32792783684181437,1
0.9354261468250598,-0.4234636446551179,-0.9915103851283389,1
1.0397379103469107,2.8509293812378886,0.5421917085442075,1
-0.018693491872556936,-1.3384752838481735,-1.4304721694659186,0
-2.175257402990657,0.19585813790052597,1.3993562553373142,0
2.275409667465678,0.7367923757487723,-0.6986518206912131,1
1.333255344499757,-0.3250926251027308,-0.5860499962859511,1
-0.8154658966646131,-0.5453960825073474,2.0600607778356657,0
-2.364333105781576,0.1809058663360601,0.5090078531991126,0
0.28110675615279856,0.02300060588964283,0.8985371680633247,0
1.0591321010818477,0.291712533049561,2.0421917921991377,1
-1.687115609198619,-0.10174838527705762,0.7351441173040917,0
-1.9870524993435421,-0.004877841039698044,-0.40341252339803085,0
0.9046808017116199,-1.8807515512743036,-1.8851197238393014,0
-1.3665288639688196,-0.3925117361956946,-0.800516390184471,0
-1.3824515048389847,-0.1644033421118897,2.4134508803761188,1
-0.16419835587275852,1.3532273273551922,-0.4496629460842202,1
-0.6080777116816989,-1.6801295595107266,-0.7032816083272555,0
0.45676687537741123,-2.040837614508717,1.1733645325411188,0
-1.0801096770956782,0.7331713391773301,-1.1214536895531364,0
0.03370269134742987,3.37070644449748,1.535493112237067,1
-3.160673109363534,0.45410875119829025,0.5494914012565993,0
-0.3090215188115982,-1.3338977279985718,-1.0935139578604292,0
1.4803246458489312,-2.0960214789602873,0.18562252704333906,1
-0.1681584247337743,-0.988473912185298,-0.9298943302473337,0
-1.6757373983102337,0.3075700001004264,-0.5388157301650915,0
3.441833976879391,0.033361393150141125,1.8751005056777108,1
3.2595172963381565,-0.10331266195316223,0.1271051609151787,1
-1.5248008770853327,0.4630558124579401,-0.7075522861637495,0
-0.30569741407477813,-0.7575165317267429,0.7456136642222871,0
-0.936604533271691,0.7013570531868806,-0.3102008290455372,0
-0.5591339794616988,-1.6206401105390797,0.5702970903819548,0
0.5934324004165642,0.2464436451648486,0.5493499765740127,0
2.961167120582449,1.4967350774827062,0.5067318516452409,1
-2.2501216731920204,0.0326224774895075,2.426969245782829,0
1.9082676159380085,0.234035848434119,-1.9483195790370404,1
2.2979523388770127,-0.27114493694555053,-1.1937554541331172,1
-2.3254264000196923,0.2805805439644226,-0.038915599992601975,0
0.7968291215721723,-1.3607086438012974,-2.013907615151085,1
1.8368094312221597,1.5889467562405357,-0.4877484858042972,1
1.5241283014707312,0.17015556578557864,0.13218189148641502,1
3.541821292239259,0.3646650830765999,-0.03778960425215696,1
-0.8131440833577092,0.914647771669533,-0.43571913805108026,0
0.16015488528984823,-0.3109583404498855,0.3603439530494607,0
-1.143071126209039,-0.2572960203865733,-0.8592604195665144,0
1.9484989787626457,0.29516669088614683,-0.3007445175100371,1
1.0789284645632842,0.6118521436692496,-0.3660971634329862,1
-1.8163276121090477,-0.09333604823055555,-0.2604760653039827,0
1.1699998216843464,1.4755762808202721,1.659237152104486,1
-2.0030036649193237,-0.06584794194048435,0.7012611304237534,0
0.9316585970606099,-2.5482245861210147,0.06420467681196815,0
0.49715549817511184,-0.5098091712297252,-0.5666535724821203,1
-2.024822563153731,-0.3403123069303083,0.3647135019068981,0
1.4943492397356701,-2.4498483360161414,-0.5152900373188312,1
2.400030390549915,0.5263991473167282,0.4847015042394442,1
0.7932439323209598,-0.03695103883530225,-0.7170705654936353,1
1.0226968975425512,1.6755780594683485,-0.9994172440722524,1
1.3583324638010597,1.6774892985670482,-0.7221783585596505,1
0.5761155887718425,1.2540029407907418,-1.0391153764840009,0
-1.6238984165931385,-0.7472293554859044,0.2063669377812089,0
-1.9595672516243714,0.9691374618572218,-0.600264953786065,0
1.523196376285346,2.356704544359496,0.9836177694708865,1
-0.12365461373902463,0.7153325650366404,0.6507618693252224,1
-1.6318684705088966,0.9942668538401161,-0.1995400446469306,0
-1.4833512462636798,-0.4821579640990052,0.13912795425570573,0
0.4662670614729818,-1.71221712548925,-1.648815935651433,1
0.035624086690140014,0.4186077186932181,2.33597664500083,0
0.33313365926813204,0.001998572851283533,-0.18638397241201454,1
1.1618304248644689,2.1703541033546068,-0.12922976312694467,1
1.440133897952422,1.6555456512649729,0.23267641812260031,1
1.7969274213567379,-0.13161020863963485,-0.4207142112300635,1
1.7830871277509397,-0.9473877002882138,1.7901250503944766,1
-2.7722599169129962,0.19009792009611937,1.0483594734258548,0
-2.495913796140916,-0.1662044558514116,2.7765552643988065,0
-2.175967476467331,0.01497259750116662,-0.9341758782703342,0
0.22177011411989722,-1.3982002162606675,-0.326157593112904,1
1.5082665364264392,-1.6449899514673687,0.47533998545366807,1
1.8282982635629792,-0.20840949842198925,-0.1813656219838831,1
-2.327775467276355,1.167453595308615,0.30207013487928014,0
-0.06412714856057558,0.6459966480110407,1.0792980406351684,0
-2.8202736896942784,0.8614069064349439,0.15547769248735951,0
0.23312970923981186,-0.36963606424186796,1.5183022209955421,0
-3.7812439559164397,0.5369646573220309,-0.25170098480033104,0
0.12669650993660395,2.4022159176403357,0.05460776019676532,1
-0.07057567473339924,1.0117575507478909,0.03576236296821555,1
0.8801604871896599,1.5115629370964583,2.3588987178109067,0
-0.39372403514092535,1.2648815805736242,0.4576399007920496,1
-0.12966744052521975,-1.9585523353788392,-1.1440952484092888,0
-0.7246586276410086,-1.7431921815616356,1.1965598108866073,0
-0.5125087780160474,-0.7199720577681407,0.40667435920387857,0
-1.713554771903837,-0.8063688742671474,1.315249518856496,0
-0.7494781677131853,-0.9755474903789695,-0.7682229842335229,0
-0.13502040229648693,-0.6161311925956521,1.9014371094182192,1
1.027336623287306,0.290652093343706,-0.6817688949626934,1
0.2234732933298709,1.7611181976066899,1.752950189631289,1
-1.6947279252553662,-0.03054545938497893,1.4092140787630774,0
0.8105710649178633,0.5484382783898705,-0.7198926070895181,1
